true_amount,predicted_amount,error,abs_error,error_pct
31,59.085138616711916,-28.085138616711916,28.085138616711916,90.6
50,57.42305033669389,-7.4230503366938905,7.4230503366938905,14.85
36,59.47744290767294,-23.477442907672938,23.477442907672938,65.22
72,59.17694037779589,12.823059622204113,12.823059622204113,17.81
38,60.978484359517935,-22.978484359517935,22.978484359517935,60.47
36,57.66979655208962,-21.669796552089622,21.669796552089622,60.19
83,61.4364821165821,21.5635178834179,21.5635178834179,25.98
70,59.83702655811698,10.162973441883018,10.162973441883018,14.52
41,57.82542244365055,-16.825422443650552,16.825422443650552,41.04
46,57.632228271987884,-11.632228271987884,11.632228271987884,25.29
83,61.57968003451017,21.42031996548983,21.42031996548983,25.81
37,60.6291030056849,-23.629103005684897,23.629103005684897,63.86
34,57.05681088672068,-23.056810886720683,23.056810886720683,67.81
48,58.9609513630397,-10.960951363039698,10.960951363039698,22.84
29,59.57987971893487,-30.57987971893487,30.57987971893487,105.45
82,60.4629255806642,21.537074419335802,21.537074419335802,26.26
25,59.43464489818893,-34.43464489818893,34.43464489818893,137.74
53,57.53985315313659,-4.53985315313659,4.53985315313659,8.57
84,63.94968726447353,20.050312735526468,20.050312735526468,23.87
31,58.52451307417357,-27.52451307417357,27.52451307417357,88.79
63,59.777903737234105,3.222096262765895,3.222096262765895,5.11
86,60.6440075375961,25.355992462403897,25.355992462403897,29.48
99,61.1525094754778,37.8474905245222,37.8474905245222,38.23
59,59.76755927387448,-0.7675592738744825,0.7675592738744825,1.3
37,59.56214525689107,-22.56214525689107,22.56214525689107,60.98
95,60.57595448539582,34.42404551460418,34.42404551460418,36.24
44,58.86188698396105,-14.86188698396105,14.86188698396105,33.78
86,61.53368182739147,24.46631817260853,24.46631817260853,28.45
77,59.246450910759975,17.753549089240025,17.753549089240025,23.06
20,56.47776594456146,-36.47776594456146,36.47776594456146,182.39
37,60.47968805598218,-23.47968805598218,23.47968805598218,63.46
48,60.54958559607847,-12.549585596078472,12.549585596078472,26.14
67,63.193247207720376,3.8067527922796245,3.8067527922796245,5.68
38,57.115554166084,-19.115554166084003,19.115554166084003,50.3
35,59.40290738719225,-24.40290738719225,24.40290738719225,69.72
29,59.97936749630451,-30.979367496304512,30.979367496304512,106.83
59,59.759614538316534,-0.7596145383165336,0.7596145383165336,1.29
65,59.528746812848546,5.471253187151454,5.471253187151454,8.42
47,57.48898668252125,-10.48898668252125,10.48898668252125,22.32
35,57.016860346161806,-22.016860346161806,22.016860346161806,62.91
76,61.819879437888986,14.180120562111014,14.180120562111014,18.66
87,59.986582587415,27.013417412585,27.013417412585,31.05
76,58.324353052602454,17.675646947397546,17.675646947397546,23.26
91,60.72067627199046,30.279323728009537,30.279323728009537,33.27
42,58.47673901361818,-16.47673901361818,16.47673901361818,39.23
45,57.14275207049898,-12.142752070498979,12.142752070498979,26.98
59,59.73975809390019,-0.7397580939001926,0.7397580939001926,1.25
90,66.49044176220556,23.509558237794437,23.509558237794437,26.12
25,55.7697771200425,-30.769777120042498,30.769777120042498,123.08
62,58.85562938485198,3.14437061514802,3.14437061514802,5.07
95,61.85976896329553,33.14023103670447,33.14023103670447,34.88
30,55.1654856148168,-25.165485614816802,25.165485614816802,83.88
23,51.9781646700601,-28.978164670060103,28.978164670060103,125.99
90,66.11900218298783,23.880997817012172,23.880997817012172,26.53
51,57.20800957707781,-6.20800957707781,6.20800957707781,12.17
58,61.19435528077965,-3.1943552807796465,3.1943552807796465,5.51
22,58.46334147868837,-36.46334147868837,36.46334147868837,165.74
45,56.814293610611195,-11.814293610611195,11.814293610611195,26.25
64,61.86167150591414,2.1383284940858616,2.1383284940858616,3.34
61,58.00590198538519,2.9940980146148135,2.9940980146148135,4.91
25,58.582618701863666,-33.582618701863666,33.582618701863666,134.33
77,57.53604816116156,19.46395183883844,19.46395183883844,25.28
36,58.99887650437063,-22.998876504370628,22.998876504370628,63.89
90,61.78292553607524,28.21707446392476,28.21707446392476,31.35
78,60.684967398254344,17.315032601745656,17.315032601745656,22.2
72,61.57918844054404,10.420811559455963,10.420811559455963,14.47
73,61.65898573389287,11.34101426610713,11.34101426610713,15.54
55,60.46110328746798,-5.461103287467978,5.461103287467978,9.93
36,58.777740288124136,-22.777740288124136,22.777740288124136,63.27
37,57.57547594560963,-20.575475945609632,20.575475945609632,55.61
25,55.627454631607016,-30.627454631607016,30.627454631607016,122.51
76,60.210696736607524,15.789303263392476,15.789303263392476,20.78
66,59.33346686140192,6.6665331385980835,6.6665331385980835,10.1
97,60.71859440363424,36.28140559636576,36.28140559636576,37.4
65,60.909660028092816,4.090339971907184,4.090339971907184,6.29
94,62.3641894856956,31.635810514304403,31.635810514304403,33.66
93,60.43915396651371,32.56084603348629,32.56084603348629,35.01
75,59.27215131690667,15.727848683093328,15.727848683093328,20.97
24,57.57036895224055,-33.57036895224055,33.57036895224055,139.88
36,58.24113903272901,-22.24113903272901,22.24113903272901,61.78
89,61.08161397569917,27.91838602430083,27.91838602430083,31.37
74,60.33137384811627,13.668626151883728,13.668626151883728,18.47
70,58.85396484715711,11.146035152842892,11.146035152842892,15.92
45,59.20110519507481,-14.20110519507481,14.20110519507481,31.56
50,57.0513026815133,-7.051302681513299,7.051302681513299,14.1
93,58.83585564764531,34.16414435235469,34.16414435235469,36.74
60,61.61249254921288,-1.612492549212881,1.612492549212881,2.69
58,57.74289537072252,0.2571046292774781,0.2571046292774781,0.44
41,59.270728915678156,-18.270728915678156,18.270728915678156,44.56
32,59.27320885773672,-27.27320885773672,27.27320885773672,85.23
60,59.3487644212039,0.6512355787960971,0.6512355787960971,1.09
83,66.69496217481718,16.305037825182822,16.305037825182822,19.64
82,59.405737153121244,22.594262846878756,22.594262846878756,27.55
58,59.048789600732256,-1.0487896007322561,1.0487896007322561,1.81
26,56.77890326013722,-30.77890326013722,30.77890326013722,118.38
87,60.91263208251184,26.08736791748816,26.08736791748816,29.99
68,58.38147198708652,9.61852801291348,9.61852801291348,14.14
44,57.496887835068705,-13.496887835068705,13.496887835068705,30.67
100,62.36882984551002,37.63117015448998,37.63117015448998,37.63
90,62.88768084561644,27.112319154383563,27.112319154383563,30.12
36,59.313483636843884,-23.313483636843884,23.313483636843884,64.76
37,57.37874503396469,-20.37874503396469,20.37874503396469,55.08
85,61.42923037792553,23.570769622074472,23.570769622074472,27.73
21,56.57942880935126,-35.57942880935126,35.57942880935126,169.43
68,60.70638058115538,7.293619418844621,7.293619418844621,10.73
51,58.729735441664474,-7.729735441664474,7.729735441664474,15.16
30,59.43666184001357,-29.43666184001357,29.43666184001357,98.12
77,59.88776858313186,17.11223141686814,17.11223141686814,22.22
55,58.19637609594588,-3.1963760959458796,3.1963760959458796,5.81
94,62.073150594221104,31.926849405778896,31.926849405778896,33.96
97,63.564871479179445,33.435128520820555,33.435128520820555,34.47
52,58.85866352783631,-6.858663527836313,6.858663527836313,13.19
42,58.76395178474967,-16.763951784749672,16.763951784749672,39.91
54,58.580070813942626,-4.580070813942626,4.580070813942626,8.48
88,61.27092929568763,26.72907070431237,26.72907070431237,30.37
68,59.802660000981994,8.197339999018006,8.197339999018006,12.05
72,60.38017851571911,11.619821484280891,11.619821484280891,16.14
28,55.237826894167874,-27.237826894167874,27.237826894167874,97.28
94,60.22974405331522,33.77025594668478,33.77025594668478,35.93
61,57.97577879221175,3.0242212077882513,3.0242212077882513,4.96
29,59.47540297777506,-30.47540297777506,30.47540297777506,105.09
33,58.897878349430364,-25.897878349430364,25.897878349430364,78.48
77,61.153096194325265,15.846903805674735,15.846903805674735,20.58
90,68.73784374441841,21.262156255581587,21.262156255581587,23.62
57,57.89192502941593,-0.8919250294159298,0.8919250294159298,1.56
31,61.9204949986374,-30.920494998637402,30.920494998637402,99.74
54,62.46102093430437,-8.461020934304372,8.461020934304372,15.67
91,62.19025730140283,28.80974269859717,28.80974269859717,31.66
55,59.98427029629549,-4.984270296295492,4.984270296295492,9.06
21,59.22500240691408,-38.22500240691408,38.22500240691408,182.02
34,55.059170509236985,-21.059170509236985,21.059170509236985,61.94
57,60.42759680134728,-3.4275968013472777,3.4275968013472777,6.01
22,57.480225341519166,-35.480225341519166,35.480225341519166,161.27
40,58.43125923641251,-18.431259236412508,18.431259236412508,46.08
66,59.15941449306803,6.840585506931973,6.840585506931973,10.36
75,60.46041499103464,14.53958500896536,14.53958500896536,19.39
94,60.90880905287382,33.09119094712618,33.09119094712618,35.2
54,59.790671492422845,-5.790671492422845,5.790671492422845,10.72
62,59.67147898849999,2.3285210115000083,2.3285210115000083,3.76
99,68.75609706925387,30.24390293074613,30.24390293074613,30.55
27,58.12980042032622,-31.12980042032622,31.12980042032622,115.3
71,60.407128255279574,10.592871744720426,10.592871744720426,14.92
36,58.19444696261756,-22.194446962617562,22.194446962617562,61.65
97,59.77114688504093,37.22885311495907,37.22885311495907,38.38
79,65.56382037370238,13.436179626297616,13.436179626297616,17.01
26,57.67031985773482,-31.670319857734818,31.670319857734818,121.81
34,57.34122059217104,-23.34122059217104,23.34122059217104,68.65
96,59.996708282516025,36.003291717483975,36.003291717483975,37.5
45,58.58353985958846,-13.583539859588463,13.583539859588463,30.19
25,58.75593788991205,-33.75593788991205,33.75593788991205,135.02
21,56.00398648154426,-35.00398648154426,35.00398648154426,166.69
71,60.00658352217378,10.993416477826223,10.993416477826223,15.48
96,58.774286723082184,37.225713276917816,37.225713276917816,38.78
91,63.46166862966203,27.53833137033797,27.53833137033797,30.26
67,59.62516425039814,7.374835749601857,7.374835749601857,11.01
65,66.91913501236675,-1.9191350123667519,1.9191350123667519,2.95
52,59.85464536670786,-7.854645366707857,7.854645366707857,15.11
36,57.34716444442912,-21.34716444442912,21.34716444442912,59.3
46,60.18343247008966,-14.183432470089663,14.183432470089663,30.83
60,59.111060432071106,0.8889395679288938,0.8889395679288938,1.48
36,61.86393744132489,-25.863937441324893,25.863937441324893,71.84
35,58.4276829194892,-23.4276829194892,23.4276829194892,66.94
37,56.739693022218326,-19.739693022218326,19.739693022218326,53.35
34,61.89539915514712,-27.895399155147118,27.895399155147118,82.05
23,59.95775867102944,-36.95775867102944,36.95775867102944,160.69
93,60.305847902990905,32.694152097009095,32.694152097009095,35.16
31,59.578938629931955,-28.578938629931955,28.578938629931955,92.19
83,60.90102859821788,22.098971401782123,22.098971401782123,26.63
62,60.396256625790365,1.6037433742096354,1.6037433742096354,2.59
84,61.76000886471624,22.23999113528376,22.23999113528376,26.48
88,61.348001684407826,26.651998315592174,26.651998315592174,30.29
29,57.99674135377258,-28.996741353772578,28.996741353772578,99.99
91,59.67763893624396,31.32236106375604,31.32236106375604,34.42
83,59.405757507992966,23.594242492007034,23.594242492007034,28.43
26,59.32418459123874,-33.32418459123874,33.32418459123874,128.17
59,60.58309257072056,-1.5830925707205594,1.5830925707205594,2.68
25,57.119343833915515,-32.119343833915515,32.119343833915515,128.48
30,58.859395477340954,-28.859395477340954,28.859395477340954,96.2
62,59.05191442743282,2.94808557256718,2.94808557256718,4.75
38,60.46513146893426,-22.46513146893426,22.46513146893426,59.12
55,58.687587366562134,-3.687587366562134,3.687587366562134,6.7
74,59.65521011175521,14.34478988824479,14.34478988824479,19.38
92,62.16474161669146,29.835258383308542,29.835258383308542,32.43
22,58.74600411418267,-36.74600411418267,36.74600411418267,167.03
35,58.67485854037511,-23.674858540375112,23.674858540375112,67.64
52,60.514551143978274,-8.514551143978274,8.514551143978274,16.37
81,59.14790365824308,21.85209634175692,21.85209634175692,26.98
84,61.47921151092477,22.52078848907523,22.52078848907523,26.81
61,59.483584380999844,1.5164156190001563,1.5164156190001563,2.49
51,59.603920154120765,-8.603920154120765,8.603920154120765,16.87
96,62.77289408057899,33.22710591942101,33.22710591942101,34.61
54,61.14253917683922,-7.142539176839222,7.142539176839222,13.23
76,62.24858841998753,13.751411580012473,13.751411580012473,18.09
85,59.4101919925837,25.589808007416302,25.589808007416302,30.11
64,63.66867588306345,0.33132411693654973,0.33132411693654973,0.52
44,59.197949919470496,-15.197949919470496,15.197949919470496,34.54
31,56.95174571365922,-25.95174571365922,25.95174571365922,83.72
54,58.960706160436146,-4.960706160436146,4.960706160436146,9.19
24,54.31377493915559,-30.313774939155593,30.313774939155593,126.31
86,61.59602098892575,24.40397901107425,24.40397901107425,28.38
35,57.22838647966944,-22.22838647966944,22.22838647966944,63.51
88,59.027443085565146,28.972556914434854,28.972556914434854,32.92
85,59.824330352011195,25.175669647988805,25.175669647988805,29.62
56,57.547648694941046,-1.5476486949410457,1.5476486949410457,2.76
62,59.72244284648138,2.2775571535186216,2.2775571535186216,3.67
36,60.53517145297896,-24.535171452978958,24.535171452978958,68.15
92,63.69123519358333,28.30876480641667,28.30876480641667,30.77
88,59.79180840518417,28.20819159481583,28.20819159481583,32.05
36,60.35926940726371,-24.35926940726371,24.35926940726371,67.66
59,59.72272620791612,-0.7227262079161179,0.7227262079161179,1.22
66,59.598075344210585,6.401924655789415,6.401924655789415,9.7
24,54.87640866780324,-30.87640866780324,30.87640866780324,128.65
72,62.812100718807464,9.187899281192536,9.187899281192536,12.76
85,60.09803474010314,24.901965259896862,24.901965259896862,29.3
52,59.6677128903018,-7.6677128903018,7.6677128903018,14.75
86,65.4143292946418,20.585670705358197,20.585670705358197,23.94
81,62.01683024957026,18.983169750429738,18.983169750429738,23.44
78,59.852239380458265,18.147760619541735,18.147760619541735,23.27
39,62.26424065725517,-23.264240657255172,23.264240657255172,59.65
39,58.40281577539081,-19.402815775390813,19.402815775390813,49.75
64,61.748544684465486,2.251455315534514,2.251455315534514,3.52
67,59.52288085205887,7.477119147941131,7.477119147941131,11.16
62,59.71696576992397,2.2830342300760265,2.2830342300760265,3.68
53,58.68791685049999,-5.687916850499988,5.687916850499988,10.73
51,62.773441169210926,-11.773441169210926,11.773441169210926,23.09
50,59.534941632159274,-9.534941632159274,9.534941632159274,19.07
42,59.712625752350384,-17.712625752350384,17.712625752350384,42.17
68,59.91402332954918,8.085976670450819,8.085976670450819,11.89
96,63.60496029353985,32.39503970646015,32.39503970646015,33.74
68,59.873816513198314,8.126183486801686,8.126183486801686,11.95
62,59.84477109773845,2.1552289022615483,2.1552289022615483,3.48
26,55.63709350661813,-29.63709350661813,29.63709350661813,113.99
73,58.486844713163705,14.513155286836295,14.513155286836295,19.88
20,58.517900179200105,-38.517900179200105,38.517900179200105,192.59
55,59.426130086116686,-4.426130086116686,4.426130086116686,8.05
57,63.03339109849459,-6.03339109849459,6.03339109849459,10.58
97,61.052491857048786,35.947508142951214,35.947508142951214,37.06
20,58.28849025301143,-38.28849025301143,38.28849025301143,191.44
66,58.13948992465625,7.860510075343747,7.860510075343747,11.91
27,57.07975608679621,-30.07975608679621,30.07975608679621,111.41
45,61.23830525789054,-16.238305257890538,16.238305257890538,36.09
64,58.30787060055889,5.692129399441107,5.692129399441107,8.89
50,57.76779218644218,-7.767792186442179,7.767792186442179,15.54
23,59.72967695431824,-36.72967695431824,36.72967695431824,159.69
79,60.64236191349777,18.357638086502227,18.357638086502227,23.24
88,61.27098366741323,26.729016332586767,26.729016332586767,30.37
38,58.706018410676606,-20.706018410676606,20.706018410676606,54.49
38,58.840837193247765,-20.840837193247765,20.840837193247765,54.84
24,52.254364972066675,-28.254364972066675,28.254364972066675,117.73
92,59.29145484434807,32.70854515565193,32.70854515565193,35.55
72,63.64010334952039,8.359896650479612,8.359896650479612,11.61
38,55.0889977218082,-17.088997721808198,17.088997721808198,44.97
27,57.84658625627883,-30.846586256278833,30.846586256278833,114.25
73,60.17270560129804,12.827294398701959,12.827294398701959,17.57
64,59.25415851548554,4.745841484514457,4.745841484514457,7.42
73,58.484835797330376,14.515164202669624,14.515164202669624,19.88
81,61.308339210452004,19.691660789547996,19.691660789547996,24.31
53,59.97707433815857,-6.977074338158573,6.977074338158573,13.16
31,50.42316175514228,-19.42316175514228,19.42316175514228,62.66
28,56.14876974000017,-28.14876974000017,28.14876974000017,100.53
55,59.487693804460676,-4.487693804460676,4.487693804460676,8.16
95,65.22429959206545,29.77570040793455,29.77570040793455,31.34
27,57.7080876549848,-30.7080876549848,30.7080876549848,113.73
27,52.59442441284983,-25.594424412849833,25.594424412849833,94.79
26,58.23829943023725,-32.23829943023725,32.23829943023725,123.99
44,57.313715583969305,-13.313715583969305,13.313715583969305,30.26
88,60.69475636811897,27.305243631881027,27.305243631881027,31.03
57,62.934225050434826,-5.934225050434826,5.934225050434826,10.41
36,59.248243209548434,-23.248243209548434,23.248243209548434,64.58
84,65.483953962951,18.516046037048994,18.516046037048994,22.04
50,59.65218030242347,-9.652180302423467,9.652180302423467,19.3
56,59.818343546565615,-3.8183435465656146,3.8183435465656146,6.82
39,59.53544075144653,-20.53544075144653,20.53544075144653,52.65
74,60.448112153282814,13.551887846717186,13.551887846717186,18.31
94,59.88477799792799,34.11522200207201,34.11522200207201,36.29
80,62.01913218847646,17.980867811523538,17.980867811523538,22.48
99,59.96034224656813,39.03965775343187,39.03965775343187,39.43
94,60.96657196825483,33.03342803174517,33.03342803174517,35.14
44,59.48823158501541,-15.488231585015413,15.488231585015413,35.2
30,56.25243339593166,-26.25243339593166,26.25243339593166,87.51
30,55.56638376840935,-25.566383768409352,25.566383768409352,85.22
46,58.3356388523235,-12.335638852323498,12.335638852323498,26.82
68,59.95463900674495,8.045360993255052,8.045360993255052,11.83
83,64.73289924177664,18.267100758223364,18.267100758223364,22.01
53,59.37544072135004,-6.375440721350039,6.375440721350039,12.03
85,59.73896136962642,25.261038630373577,25.261038630373577,29.72
35,59.10680842366935,-24.10680842366935,24.10680842366935,68.88
82,59.31693760586208,22.68306239413792,22.68306239413792,27.66
32,57.33072930097041,-25.33072930097041,25.33072930097041,79.16
91,61.80889499566331,29.19110500433669,29.19110500433669,32.08
32,59.73793755875643,-27.73793755875643,27.73793755875643,86.68
32,56.43557611485952,-24.435576114859522,24.435576114859522,76.36
72,58.96313444575406,13.036865554245942,13.036865554245942,18.11
94,65.89463567957844,28.105364320421558,28.105364320421558,29.9
30,59.57211968457334,-29.572119684573337,29.572119684573337,98.57
60,57.10887024884073,2.8911297511592693,2.8911297511592693,4.82
77,61.8027011258579,15.1972988741421,15.1972988741421,19.74
46,58.41444458846389,-12.414444588463887,12.414444588463887,26.99
80,62.360945388673,17.639054611326998,17.639054611326998,22.05
74,58.94874792495912,15.051252075040878,15.051252075040878,20.34
92,61.63044626605645,30.369553733943548,30.369553733943548,33.01
20,55.019806576957365,-35.019806576957365,35.019806576957365,175.1
90,62.297654629013955,27.702345370986045,27.702345370986045,30.78
46,58.34141964506185,-12.341419645061848,12.341419645061848,26.83
90,56.83588253766842,33.16411746233158,33.16411746233158,36.85
78,59.90247495182889,18.097525048171107,18.097525048171107,23.2
34,59.70816343330368,-25.70816343330368,25.70816343330368,75.61
76,61.695380202391505,14.304619797608495,14.304619797608495,18.82
59,66.2361577463949,-7.236157746394895,7.236157746394895,12.26
63,59.26217247702862,3.7378275229713793,3.7378275229713793,5.93
93,61.029144909941415,31.970855090058585,31.970855090058585,34.38
29,58.73473894347245,-29.73473894347245,29.73473894347245,102.53
45,59.143077176863954,-14.143077176863954,14.143077176863954,31.43
25,60.03847564144556,-35.03847564144556,35.03847564144556,140.15
31,59.91246804739933,-28.91246804739933,28.91246804739933,93.27
66,59.89674005815716,6.103259941842843,6.103259941842843,9.25
28,55.83453589459985,-27.834535894599853,27.834535894599853,99.41
86,64.53007932786423,21.46992067213577,21.46992067213577,24.97
56,59.31477389447212,-3.3147738944721183,3.3147738944721183,5.92
53,59.1834946604813,-6.183494660481301,6.183494660481301,11.67
72,57.8204365265041,14.179563473495897,14.179563473495897,19.69
78,61.59153933655388,16.40846066344612,16.40846066344612,21.04
86,59.90282293885269,26.097177061147313,26.097177061147313,30.35
90,60.15147091267522,29.848529087324778,29.848529087324778,33.17
44,60.074299847427405,-16.074299847427405,16.074299847427405,36.53
91,60.796663539213974,30.203336460786026,30.203336460786026,33.19
43,58.001458481090474,-15.001458481090474,15.001458481090474,34.89
98,62.403753346732415,35.596246653267585,35.596246653267585,36.32
99,66.8822703272141,32.1177296727859,32.1177296727859,32.44
34,59.91932654973684,-25.919326549736837,25.919326549736837,76.23
35,58.13755663769667,-23.13755663769667,23.13755663769667,66.11
27,56.21675170327354,-29.216751703273538,29.216751703273538,108.21
54,59.041623904932564,-5.041623904932564,5.041623904932564,9.34
45,58.763351671252906,-13.763351671252906,13.763351671252906,30.59
22,54.274164752845806,-32.274164752845806,32.274164752845806,146.7
45,57.318008970742774,-12.318008970742774,12.318008970742774,27.37
80,59.09013154411116,20.90986845588884,20.90986845588884,26.14
82,60.15995185826054,21.84004814173946,21.84004814173946,26.63
30,57.36445104638252,-27.36445104638252,27.36445104638252,91.21
97,64.32890174152735,32.671098258472654,32.671098258472654,33.68
72,62.23074692888112,9.769253071118882,9.769253071118882,13.57
95,67.27307745309227,27.72692254690773,27.72692254690773,29.19
90,59.49367275988703,30.506327240112967,30.506327240112967,33.9
32,58.53922957493402,-26.53922957493402,26.53922957493402,82.94
40,59.55789620329628,-19.55789620329628,19.55789620329628,48.89
31,59.028292817599656,-28.028292817599656,28.028292817599656,90.41
87,61.63149063282108,25.368509367178923,25.368509367178923,29.16
58,59.10815580454217,-1.1081558045421716,1.1081558045421716,1.91
21,57.2624666442154,-36.2624666442154,36.2624666442154,172.68
36,58.87821325674269,-22.87821325674269,22.87821325674269,63.55
96,61.526234478835775,34.473765521164225,34.473765521164225,35.91
34,58.17398439853444,-24.173984398534436,24.173984398534436,71.1
62,63.29201980278612,-1.2920198027861218,1.2920198027861218,2.08
70,58.77990713963096,11.220092860369043,11.220092860369043,16.03
44,59.05466336958853,-15.054663369588532,15.054663369588532,34.22
21,58.08568889804183,-37.08568889804183,37.08568889804183,176.6
46,57.89560501831046,-11.895605018310462,11.895605018310462,25.86
29,57.41102582556187,-28.41102582556187,28.41102582556187,97.97
81,58.31147091071926,22.688529089280742,22.688529089280742,28.01
52,57.757113425515946,-5.757113425515946,5.757113425515946,11.07
81,60.47022196544214,20.529778034557857,20.529778034557857,25.35
37,61.916154870507086,-24.916154870507086,24.916154870507086,67.34
95,61.42697094330555,33.57302905669445,33.57302905669445,35.34
96,68.42107535012674,27.578924649873258,27.578924649873258,28.73
68,57.65568352656365,10.34431647343635,10.34431647343635,15.21
22,55.79554100625138,-33.79554100625138,33.79554100625138,153.62
75,58.94852807823586,16.05147192176414,16.05147192176414,21.4
23,58.08143743500626,-35.08143743500626,35.08143743500626,152.53
68,60.93569564730327,7.06430435269673,7.06430435269673,10.39
51,58.825748549830266,-7.825748549830266,7.825748549830266,15.34
24,57.760552037118316,-33.760552037118316,33.760552037118316,140.67
48,60.85511814302229,-12.855118143022288,12.855118143022288,26.78
78,58.366145678378935,19.633854321621065,19.633854321621065,25.17
98,61.50983098763363,36.49016901236637,36.49016901236637,37.23
43,60.011493695941766,-17.011493695941766,17.011493695941766,39.56
25,60.71573538294097,-35.71573538294097,35.71573538294097,142.86
62,59.4001286762343,2.599871323765697,2.599871323765697,4.19
22,58.83447104038761,-36.83447104038761,36.83447104038761,167.43
28,58.14050314319739,-30.140503143197392,30.140503143197392,107.64
98,60.9729812749896,37.0270187250104,37.0270187250104,37.78
75,65.2144197390618,9.785580260938204,9.785580260938204,13.05
44,59.2102837893611,-15.2102837893611,15.2102837893611,34.57
31,57.70081139171185,-26.700811391711852,26.700811391711852,86.13
28,59.46151302628981,-31.461513026289808,31.461513026289808,112.36
78,59.933811768972035,18.066188231027965,18.066188231027965,23.16
29,58.085161900455915,-29.085161900455915,29.085161900455915,100.29
85,64.39188593498967,20.608114065010326,20.608114065010326,24.24
51,59.20907233054737,-8.209072330547372,8.209072330547372,16.1
97,62.35955209133477,34.64044790866523,34.64044790866523,35.71
46,57.33318465600324,-11.33318465600324,11.33318465600324,24.64
67,58.822042708541595,8.177957291458405,8.177957291458405,12.21
72,60.394848622165185,11.605151377834815,11.605151377834815,16.12
60,59.50677198803159,0.49322801196841226,0.49322801196841226,0.82
67,64.05859083477748,2.941409165222524,2.941409165222524,4.39
69,58.23497260530367,10.765027394696332,10.765027394696332,15.6
43,60.64333111770485,-17.643331117704847,17.643331117704847,41.03
99,61.75950859356085,37.24049140643915,37.24049140643915,37.62
26,59.20308367309099,-33.20308367309099,33.20308367309099,127.7
25,56.409282167384745,-31.409282167384745,31.409282167384745,125.64
98,60.65758072024019,37.34241927975981,37.34241927975981,38.1
80,60.98557906425058,19.01442093574942,19.01442093574942,23.77
53,58.937133064860696,-5.937133064860696,5.937133064860696,11.2
20,56.65215685486927,-36.65215685486927,36.65215685486927,183.26
35,56.377685046198515,-21.377685046198515,21.377685046198515,61.08
90,62.90921475828717,27.09078524171283,27.09078524171283,30.1
59,58.95067051682243,0.0493294831775728,0.0493294831775728,0.08
60,59.93443568226273,0.06556431773726956,0.06556431773726956,0.11
66,60.05861742916059,5.941382570839409,5.941382570839409,9.0
35,58.872625074199604,-23.872625074199604,23.872625074199604,68.21
60,60.88119951839658,-0.8811995183965777,0.8811995183965777,1.47
52,59.25507651566121,-7.255076515661209,7.255076515661209,13.95
36,59.508723622804624,-23.508723622804624,23.508723622804624,65.3
52,56.28513962524309,-4.28513962524309,4.28513962524309,8.24
83,60.96736199023843,22.03263800976157,22.03263800976157,26.55
61,58.01262494343115,2.987375056568851,2.987375056568851,4.9
77,63.84033339190126,13.159666608098739,13.159666608098739,17.09
36,59.61054406904308,-23.61054406904308,23.61054406904308,65.58
78,60.04780210294446,17.95219789705554,17.95219789705554,23.02
95,70.64186980703387,24.35813019296613,24.35813019296613,25.64
85,61.44797139410408,23.55202860589592,23.55202860589592,27.71
47,59.03010836937444,-12.030108369374439,12.030108369374439,25.6
36,59.205566095882,-23.205566095882,23.205566095882,64.46
58,58.571448560741274,-0.571448560741274,0.571448560741274,0.99
91,60.91275841649439,30.08724158350561,30.08724158350561,33.06
33,56.88062206475825,-23.88062206475825,23.88062206475825,72.37
88,59.73355954170088,28.266440458299122,28.266440458299122,32.12
54,58.11263783003293,-4.112637830032931,4.112637830032931,7.62
43,57.621271909591385,-14.621271909591385,14.621271909591385,34.0
27,56.142321622199894,-29.142321622199894,29.142321622199894,107.93
55,60.64356852935075,-5.643568529350752,5.643568529350752,10.26
90,59.4032640461788,30.596735953821202,30.596735953821202,34.0
96,64.37556437276915,31.624435627230852,31.624435627230852,32.94
45,56.185478573690126,-11.185478573690126,11.185478573690126,24.86
33,59.571439031671,-26.571439031670998,26.571439031670998,80.52
57,58.73750106150059,-1.7375010615005877,1.7375010615005877,3.05
79,60.07584097337259,18.924159026627407,18.924159026627407,23.95
97,66.31311950270936,30.686880497290645,30.686880497290645,31.64
37,58.92620448841634,-21.92620448841634,21.92620448841634,59.26
74,62.15459044444091,11.845409555559087,11.845409555559087,16.01
96,62.790121235503264,33.209878764496736,33.209878764496736,34.59
20,61.57240866608316,-41.57240866608316,41.57240866608316,207.86
78,60.948753115869685,17.051246884130315,17.051246884130315,21.86
40,60.15011799762383,-20.15011799762383,20.15011799762383,50.38
90,61.46008006302641,28.53991993697359,28.53991993697359,31.71
79,59.83780388389239,19.16219611610761,19.16219611610761,24.26
76,59.84447677528993,16.155523224710073,16.155523224710073,21.26
86,62.77063060984465,23.229369390155348,23.229369390155348,27.01
24,57.294876825568394,-33.294876825568394,33.294876825568394,138.73
91,62.132072145104104,28.867927854895896,28.867927854895896,31.72
59,59.89936020820908,-0.8993602082090817,0.8993602082090817,1.52
85,58.427550764692946,26.572449235307054,26.572449235307054,31.26
46,59.26918141327266,-13.269181413272662,13.269181413272662,28.85
28,55.53469188554758,-27.53469188554758,27.53469188554758,98.34
66,59.9724996256045,6.027500374395501,6.027500374395501,9.13
94,60.27545119958137,33.72454880041863,33.72454880041863,35.88
44,59.73795363256087,-15.737953632560867,15.737953632560867,35.77
71,58.90749849733403,12.092501502665968,12.092501502665968,17.03
39,56.49740758698155,-17.497407586981552,17.497407586981552,44.87
53,58.36841075836754,-5.3684107583675384,5.3684107583675384,10.13
70,59.29125029696511,10.70874970303489,10.70874970303489,15.3
93,61.05021143947145,31.949788560528553,31.949788560528553,34.35
45,59.39263282653614,-14.392632826536143,14.392632826536143,31.98
22,56.54602703879603,-34.54602703879603,34.54602703879603,157.03
84,62.16488056604571,21.83511943395429,21.83511943395429,25.99
80,64.43176257808449,15.568237421915512,15.568237421915512,19.46
63,59.17653108962201,3.82346891037799,3.82346891037799,6.07
51,61.82933282787414,-10.82933282787414,10.82933282787414,21.23
49,59.76773143542745,-10.76773143542745,10.76773143542745,21.97
87,60.46789417001766,26.532105829982342,26.532105829982342,30.5
93,59.80182298587489,33.19817701412511,33.19817701412511,35.7
31,57.741140030567465,-26.741140030567465,26.741140030567465,86.26
29,55.39831542640212,-26.39831542640212,26.39831542640212,91.03
38,56.705223351034604,-18.705223351034604,18.705223351034604,49.22
27,58.97060126420279,-31.97060126420279,31.97060126420279,118.41
41,58.03567253930913,-17.035672539309132,17.035672539309132,41.55
76,60.35593786995185,15.644062130048148,15.644062130048148,20.58
25,58.68274198531639,-33.68274198531639,33.68274198531639,134.73
24,58.9732489002835,-34.9732489002835,34.9732489002835,145.72
49,58.94990404717234,-9.949904047172339,9.949904047172339,20.31
79,61.74330195554519,17.256698044454808,17.256698044454808,21.84
76,59.835198728448425,16.164801271551575,16.164801271551575,21.27
39,57.85409287552795,-18.854092875527947,18.854092875527947,48.34
64,59.398006980382924,4.601993019617076,4.601993019617076,7.19
21,59.50825756907474,-38.50825756907474,38.50825756907474,183.37
53,58.47643009363456,-5.476430093634562,5.476430093634562,10.33
44,57.775851879920914,-13.775851879920914,13.775851879920914,31.31
43,56.79700589977823,-13.797005899778227,13.797005899778227,32.09
45,56.745756053935374,-11.745756053935374,11.745756053935374,26.1
80,62.06714195765469,17.93285804234531,17.93285804234531,22.42
44,58.83342257562089,-14.833422575620887,14.833422575620887,33.71
85,60.80908752154552,24.19091247845448,24.19091247845448,28.46
67,58.53238993730027,8.467610062699727,8.467610062699727,12.64
29,59.0992696200266,-30.099269620026597,30.099269620026597,103.79
26,59.282922222949914,-33.282922222949914,33.282922222949914,128.01
62,60.840248155161085,1.1597518448389152,1.1597518448389152,1.87
33,57.62776172020712,-24.62776172020712,24.62776172020712,74.63
72,61.671232359965444,10.328767640034556,10.328767640034556,14.35
29,57.152289895239534,-28.152289895239534,28.152289895239534,97.08
44,59.27880512616975,-15.27880512616975,15.27880512616975,34.72
84,60.28577982951711,23.71422017048289,23.71422017048289,28.23
25,58.16034819582353,-33.16034819582353,33.16034819582353,132.64
31,60.26897773285802,-29.26897773285802,29.26897773285802,94.42
85,62.456443295902,22.543556704098002,22.543556704098002,26.52
25,58.265730725222596,-33.265730725222596,33.265730725222596,133.06
38,58.91333223892991,-20.91333223892991,20.91333223892991,55.04
50,57.067977954546635,-7.067977954546635,7.067977954546635,14.14
85,61.11371720873652,23.886282791263483,23.886282791263483,28.1
31,58.12699027598248,-27.12699027598248,27.12699027598248,87.51
72,60.70042747715545,11.29957252284455,11.29957252284455,15.69
61,58.51760500621884,2.4823949937811634,2.4823949937811634,4.07
70,60.44466051595413,9.555339484045867,9.555339484045867,13.65
89,69.28698960025378,19.713010399746224,19.713010399746224,22.15
68,60.87492320492801,7.12507679507199,7.12507679507199,10.48
66,66.27539790072143,-0.2753979007214298,0.2753979007214298,0.42
57,62.30221594501555,-5.302215945015547,5.302215945015547,9.3
81,59.77926092022303,21.22073907977697,21.22073907977697,26.2
53,60.68656217066514,-7.686562170665141,7.686562170665141,14.5
94,61.025134414083,32.974865585917,32.974865585917,35.08
97,70.9984734725873,26.001526527412693,26.001526527412693,26.81
60,59.74095070409545,0.2590492959045534,0.2590492959045534,0.43
94,60.99706692510437,33.00293307489563,33.00293307489563,35.11
21,54.45442418554567,-33.45442418554567,33.45442418554567,159.31
36,59.424905298888376,-23.424905298888376,23.424905298888376,65.07
47,60.66557296965297,-13.66557296965297,13.66557296965297,29.08
48,60.79432286328607,-12.79432286328607,12.79432286328607,26.65
50,60.29100108939331,-10.291001089393312,10.291001089393312,20.58
40,59.409055769099325,-19.409055769099325,19.409055769099325,48.52
87,63.121368306078026,23.878631693921974,23.878631693921974,27.45
72,59.152192523527276,12.847807476472724,12.847807476472724,17.84
73,60.3900762778612,12.609923722138802,12.609923722138802,17.27
24,58.829114679344734,-34.829114679344734,34.829114679344734,145.12
65,60.25203974051393,4.747960259486071,4.747960259486071,7.3
80,63.84439537479882,16.15560462520118,16.15560462520118,20.19
97,65.84382513615496,31.156174863845038,31.156174863845038,32.12
80,59.54275888385861,20.45724111614139,20.45724111614139,25.57
71,58.94120538107013,12.058794618929873,12.058794618929873,16.98
94,58.913840717726146,35.086159282273854,35.086159282273854,37.33
46,55.254818407744075,-9.254818407744075,9.254818407744075,20.12
54,59.95058953501088,-5.950589535010877,5.950589535010877,11.02
25,57.4154620554138,-32.4154620554138,32.4154620554138,129.66
82,64.76831551255228,17.231684487447723,17.231684487447723,21.01
67,60.37775198295013,6.62224801704987,6.62224801704987,9.88
28,57.78143055832453,-29.78143055832453,29.78143055832453,106.36
41,58.17591884173064,-17.175918841730642,17.175918841730642,41.89
78,60.62184162779545,17.378158372204553,17.378158372204553,22.28
72,58.06754561183724,13.93245438816276,13.93245438816276,19.35
53,59.16183015027485,-6.161830150274852,6.161830150274852,11.63
42,59.67195051338009,-17.67195051338009,17.67195051338009,42.08
29,58.37942705994246,-29.379427059942458,29.379427059942458,101.31
30,57.4728312384175,-27.4728312384175,27.4728312384175,91.58
52,58.23849242187373,-6.23849242187373,6.23849242187373,12.0
72,60.38798764656145,11.612012353438551,11.612012353438551,16.13
77,59.370023241082315,17.629976758917685,17.629976758917685,22.9
25,58.26555774335213,-33.26555774335213,33.26555774335213,133.06
21,55.799467290572174,-34.799467290572174,34.799467290572174,165.71
91,65.30322345943493,25.696776540565068,25.696776540565068,28.24
85,64.18800591697313,20.811994083026875,20.811994083026875,24.48
32,58.90766102085951,-26.907661020859507,26.907661020859507,84.09
27,56.24202440474436,-29.242024404744363,29.242024404744363,108.3
24,56.67133380978161,-32.67133380978161,32.67133380978161,136.13
67,59.37634429146241,7.623655708537591,7.623655708537591,11.38
21,58.52908348582907,-37.52908348582907,37.52908348582907,178.71
78,61.23040065074669,16.769599349253312,16.769599349253312,21.5
71,59.27619381883117,11.723806181168833,11.723806181168833,16.51
99,59.0247479048004,39.9752520951996,39.9752520951996,40.38
40,58.91926132132207,-18.919261321322068,18.919261321322068,47.3
45,59.87536877545414,-14.875368775454142,14.875368775454142,33.06
29,58.09857977897648,-29.09857977897648,29.09857977897648,100.34
44,57.606553664960934,-13.606553664960934,13.606553664960934,30.92
32,58.55926229618093,-26.559262296180933,26.559262296180933,83.0
29,55.77434262516859,-26.774342625168593,26.774342625168593,92.33
56,57.88906905199578,-1.889069051995783,1.889069051995783,3.37
89,59.19327400951589,29.80672599048411,29.80672599048411,33.49
85,60.970612056373355,24.029387943626645,24.029387943626645,28.27
85,59.879559327740054,25.120440672259946,25.120440672259946,29.55
26,58.391454398743576,-32.391454398743576,32.391454398743576,124.58
35,58.53877367805902,-23.538773678059023,23.538773678059023,67.25
36,59.55693056388011,-23.55693056388011,23.55693056388011,65.44
67,61.80081070387678,5.1991892961232224,5.1991892961232224,7.76
63,60.58919732494698,2.41080267505302,2.41080267505302,3.83
51,59.04714927925961,-8.047149279259607,8.047149279259607,15.78
41,58.65358911966974,-17.65358911966974,17.65358911966974,43.06
62,59.53928932213904,2.460710677860959,2.460710677860959,3.97
20,57.43219464841637,-37.43219464841637,37.43219464841637,187.16
58,58.855122776780334,-0.855122776780334,0.855122776780334,1.47
52,59.961313574551475,-7.961313574551475,7.961313574551475,15.31
25,56.210720628559145,-31.210720628559145,31.210720628559145,124.84
50,61.47351550305994,-11.473515503059943,11.473515503059943,22.95
37,58.117410866844516,-21.117410866844516,21.117410866844516,57.07
38,58.87823504220417,-20.878235042204167,20.878235042204167,54.94
67,58.61930359783969,8.38069640216031,8.38069640216031,12.51
53,58.74603498191371,-5.746034981913709,5.746034981913709,10.84
40,58.63784906582851,-18.63784906582851,18.63784906582851,46.59
86,61.360299654483924,24.639700345516076,24.639700345516076,28.65
38,56.964897183908455,-18.964897183908455,18.964897183908455,49.91
90,61.6318771066614,28.3681228933386,28.3681228933386,31.52
23,57.209719511830755,-34.209719511830755,34.209719511830755,148.74
62,62.95119570151707,-0.9511957015170722,0.9511957015170722,1.53
78,59.93509330443344,18.064906695566563,18.064906695566563,23.16
87,58.83130721925189,28.16869278074811,28.16869278074811,32.38
33,55.73073367191121,-22.73073367191121,22.73073367191121,68.88
23,58.569528020768644,-35.569528020768644,35.569528020768644,154.65
28,55.805522968311124,-27.805522968311124,27.805522968311124,99.31
83,61.33441269529248,21.665587304707522,21.665587304707522,26.1
97,71.28318539153973,25.71681460846027,25.71681460846027,26.51
63,60.47102152352837,2.5289784764716288,2.5289784764716288,4.01
72,60.72120298721637,11.278797012783627,11.278797012783627,15.66
93,61.03582298704749,31.96417701295251,31.96417701295251,34.37
40,57.4367355961409,-17.4367355961409,17.4367355961409,43.59
94,66.59361834081486,27.406381659185143,27.406381659185143,29.16
21,54.78213708420983,-33.78213708420983,33.78213708420983,160.87
47,57.411987945279854,-10.411987945279854,10.411987945279854,22.15
84,65.9224560796549,18.077543920345093,18.077543920345093,21.52
41,58.362957106811905,-17.362957106811905,17.362957106811905,42.35
27,58.559198427619876,-31.559198427619876,31.559198427619876,116.89
56,59.462266721469604,-3.4622667214696037,3.4622667214696037,6.18
82,60.50345362878578,21.496546371214222,21.496546371214222,26.22
77,58.84831474467239,18.151685255327607,18.151685255327607,23.57
60,61.88812390826579,-1.88812390826579,1.88812390826579,3.15
32,58.62483001123422,-26.624830011234224,26.624830011234224,83.2
49,59.43234733221469,-10.43234733221469,10.43234733221469,21.29
31,59.153860867988556,-28.153860867988556,28.153860867988556,90.82
92,60.83706275320329,31.16293724679671,31.16293724679671,33.87
93,60.78826281036869,32.21173718963131,32.21173718963131,34.64
75,59.97515690294882,15.024843097051182,15.024843097051182,20.03
75,60.07265814818143,14.927341851818568,14.927341851818568,19.9
21,56.18333369669429,-35.18333369669429,35.18333369669429,167.54
56,58.00061674475063,-2.00061674475063,2.00061674475063,3.57
22,58.68073355178185,-36.68073355178185,36.68073355178185,166.73
81,61.84829270421669,19.15170729578331,19.15170729578331,23.64
85,59.993816527014616,25.006183472985384,25.006183472985384,29.42
35,60.58672261095235,-25.58672261095235,25.58672261095235,73.1
35,57.427726199485676,-22.427726199485676,22.427726199485676,64.08
41,57.36030664472116,-16.360306644721163,16.360306644721163,39.9
98,61.29575199520196,36.70424800479804,36.70424800479804,37.45
50,59.75369348592417,-9.753693485924167,9.753693485924167,19.51
77,59.95460714557787,17.045392854422133,17.045392854422133,22.14
25,56.31069306843219,-31.310693068432187,31.310693068432187,125.24
50,60.42483027548203,-10.42483027548203,10.42483027548203,20.85
45,59.08796510251792,-14.08796510251792,14.08796510251792,31.31
57,60.765814161411875,-3.7658141614118747,3.7658141614118747,6.61
73,59.22687034819009,13.77312965180991,13.77312965180991,18.87
34,59.240583886156884,-25.240583886156884,25.240583886156884,74.24
95,70.23943508735512,24.76056491264488,24.76056491264488,26.06
71,60.65199675099514,10.348003249004861,10.348003249004861,14.57
77,59.54064254102631,17.45935745897369,17.45935745897369,22.67
43,59.7402442277643,-16.7402442277643,16.7402442277643,38.93
93,60.51376018394447,32.48623981605553,32.48623981605553,34.93
23,52.5930009868815,-29.5930009868815,29.5930009868815,128.67
39,59.32507325301817,-20.325073253018168,20.325073253018168,52.12
87,66.97438243327227,20.025617566727732,20.025617566727732,23.02
83,60.22601585282412,22.77398414717588,22.77398414717588,27.44
48,61.046288465384926,-13.046288465384926,13.046288465384926,27.18
65,59.77903912937485,5.220960870625149,5.220960870625149,8.03
40,60.82795923426423,-20.827959234264227,20.827959234264227,52.07
71,59.10609298476902,11.89390701523098,11.89390701523098,16.75
46,60.0963981124287,-14.096398112428702,14.096398112428702,30.64
81,66.04894612047148,14.951053879528516,14.951053879528516,18.46
85,60.41050589589085,24.58949410410915,24.58949410410915,28.93
98,61.237365400573175,36.762634599426825,36.762634599426825,37.51
98,60.72080974037027,37.27919025962973,37.27919025962973,38.04
40,57.0389430803591,-17.038943080359097,17.038943080359097,42.6
48,57.98692979925793,-9.98692979925793,9.98692979925793,20.81
22,57.44251583654615,-35.44251583654615,35.44251583654615,161.1
96,60.07850010185324,35.92149989814676,35.92149989814676,37.42
50,57.46022439320758,-7.460224393207582,7.460224393207582,14.92
84,60.03110971009737,23.96889028990263,23.96889028990263,28.53
100,62.21080043590087,37.78919956409913,37.78919956409913,37.79
25,58.65505106895618,-33.65505106895618,33.65505106895618,134.62
90,59.12367964620026,30.87632035379974,30.87632035379974,34.31
93,60.90380829030283,32.09619170969717,32.09619170969717,34.51
60,62.076523706525556,-2.076523706525556,2.076523706525556,3.46
67,61.99337076605648,5.006629233943521,5.006629233943521,7.47
63,59.27367422511568,3.726325774884323,3.726325774884323,5.91
82,62.43036196056953,19.569638039430473,19.569638039430473,23.87
70,58.8046044756681,11.1953955243319,11.1953955243319,15.99
38,60.4155567892046,-22.4155567892046,22.4155567892046,58.99
65,55.974231440489326,9.025768559510674,9.025768559510674,13.89
90,62.64724133174005,27.352758668259952,27.352758668259952,30.39
49,57.26956220055662,-8.26956220055662,8.26956220055662,16.88
94,63.66111398494716,30.338886015052843,30.338886015052843,32.28
75,59.925947489811676,15.074052510188324,15.074052510188324,20.1
67,59.84932407160638,7.150675928393618,7.150675928393618,10.67
27,55.99735226468654,-28.99735226468654,28.99735226468654,107.4
68,61.25324205714817,6.746757942851829,6.746757942851829,9.92
39,59.79403746773054,-20.79403746773054,20.79403746773054,53.32
50,59.39484326119315,-9.394843261193152,9.394843261193152,18.79
42,57.41829366323708,-15.41829366323708,15.41829366323708,36.71
44,58.62498689155399,-14.624986891553988,14.624986891553988,33.24
34,56.2188391643137,-22.2188391643137,22.2188391643137,65.35
31,55.9473151198996,-24.9473151198996,24.9473151198996,80.48
36,59.06229144597859,-23.062291445978587,23.062291445978587,64.06
32,58.6592767643569,-26.659276764356903,26.659276764356903,83.31
31,57.150151051127445,-26.150151051127445,26.150151051127445,84.36
81,60.77692511491534,20.223074885084657,20.223074885084657,24.97
89,60.886127444581334,28.113872555418666,28.113872555418666,31.59
68,58.65722882067677,9.342771179323229,9.342771179323229,13.74
64,60.632397952992946,3.367602047007054,3.367602047007054,5.26
66,59.3370858419048,6.662914158095198,6.662914158095198,10.1
92,61.0593278583442,30.940672141655803,30.940672141655803,33.63
47,59.64992459279652,-12.649924592796523,12.649924592796523,26.91
79,59.444066296983344,19.555933703016656,19.555933703016656,24.75
24,57.62979638863066,-33.62979638863066,33.62979638863066,140.12
70,60.567970639566276,9.432029360433724,9.432029360433724,13.47
87,60.662297230562665,26.337702769437335,26.337702769437335,30.27
96,59.09860907477864,36.90139092522136,36.90139092522136,38.44
71,60.49929923877461,10.500700761225389,10.500700761225389,14.79
68,59.021811192213036,8.978188807786964,8.978188807786964,13.2
46,58.23869404110062,-12.238694041100622,12.238694041100622,26.61
66,61.385582421761754,4.614417578238246,4.614417578238246,6.99
74,62.96588257999867,11.03411742000133,11.03411742000133,14.91
41,59.81397940882283,-18.81397940882283,18.81397940882283,45.89
30,58.288914639964986,-28.288914639964986,28.288914639964986,94.3
63,61.882451120592926,1.1175488794070745,1.1175488794070745,1.77
59,60.90697702800867,-1.9069770280086686,1.9069770280086686,3.23
71,60.43395063233004,10.566049367669962,10.566049367669962,14.88
30,56.948781978197566,-26.948781978197566,26.948781978197566,89.83
94,64.58343299910392,29.41656700089608,29.41656700089608,31.29
82,62.05583501285647,19.94416498714353,19.94416498714353,24.32
93,58.860820217509804,34.139179782490196,34.139179782490196,36.71
30,58.82357629251646,-28.823576292516456,28.823576292516456,96.08
81,59.079334083588385,21.920665916411615,21.920665916411615,27.06
32,53.64895676688415,-21.648956766884147,21.648956766884147,67.65
96,61.10230234135777,34.89769765864223,34.89769765864223,36.35
27,56.89204447061999,-29.892044470619993,29.892044470619993,110.71
38,58.87716422289214,-20.87716422289214,20.87716422289214,54.94
68,61.57088498418578,6.429115015814219,6.429115015814219,9.45
87,59.25177001523934,27.748229984760663,27.748229984760663,31.89
25,58.121031610631746,-33.121031610631746,33.121031610631746,132.48
96,64.98391088078615,31.016089119213845,31.016089119213845,32.31
60,59.7358953707697,0.2641046292303031,0.2641046292303031,0.44
26,58.577938635561246,-32.577938635561246,32.577938635561246,125.3
44,57.39460409654216,-13.39460409654216,13.39460409654216,30.44
52,59.738140297595734,-7.738140297595734,7.738140297595734,14.88
40,61.75140178937762,-21.751401789377617,21.751401789377617,54.38
61,60.35858815991208,0.641411840087919,0.641411840087919,1.05
99,60.19878343963565,38.80121656036435,38.80121656036435,39.19
35,58.275215473835885,-23.275215473835885,23.275215473835885,66.5
73,61.00487551077935,11.99512448922065,11.99512448922065,16.43
31,61.09560975719323,-30.09560975719323,30.09560975719323,97.08
36,58.995194917385156,-22.995194917385156,22.995194917385156,63.88
94,58.81890179576902,35.18109820423098,35.18109820423098,37.43
29,61.5921156474901,-32.5921156474901,32.5921156474901,112.39
60,61.50719384749479,-1.50719384749479,1.50719384749479,2.51
42,59.00150063309366,-17.001500633093663,17.001500633093663,40.48
58,58.634856572445095,-0.634856572445095,0.634856572445095,1.09
69,60.427368313353284,8.572631686646716,8.572631686646716,12.42
63,59.000362018436725,3.999637981563275,3.999637981563275,6.35
45,60.43567571298977,-15.43567571298977,15.43567571298977,34.3
40,57.68991663109266,-17.689916631092657,17.689916631092657,44.22
98,60.28831622373935,37.71168377626065,37.71168377626065,38.48
58,59.09182129481936,-1.0918212948193613,1.0918212948193613,1.88
76,58.301306260893114,17.698693739106886,17.698693739106886,23.29
22,56.768437331231446,-34.768437331231446,34.768437331231446,158.04
30,58.414930407164384,-28.414930407164384,28.414930407164384,94.72
37,58.78689338512212,-21.78689338512212,21.78689338512212,58.88
58,58.93034648936931,-0.9303464893693132,0.9303464893693132,1.6
39,58.346044786359826,-19.346044786359826,19.346044786359826,49.61
56,60.09849878161136,-4.098498781611362,4.098498781611362,7.32
52,59.863841144613204,-7.863841144613204,7.863841144613204,15.12
46,57.59955741771611,-11.599557417716113,11.599557417716113,25.22
32,59.062072358702395,-27.062072358702395,27.062072358702395,84.57
72,59.94498717440397,12.05501282559603,12.05501282559603,16.74
57,58.914699994245986,-1.9146999942459857,1.9146999942459857,3.36
63,58.59084897807209,4.4091510219279115,4.4091510219279115,7.0
32,59.48675010058058,-27.48675010058058,27.48675010058058,85.9
100,58.65164936038877,41.34835063961123,41.34835063961123,41.35
87,60.598850813836954,26.401149186163046,26.401149186163046,30.35
53,60.14391953911838,-7.143919539118379,7.143919539118379,13.48
90,60.20180384492202,29.79819615507798,29.79819615507798,33.11
66,58.72646821995767,7.273531780042333,7.273531780042333,11.02
29,54.96930269506444,-25.969302695064442,25.969302695064442,89.55
74,60.79105267756765,13.208947322432351,13.208947322432351,17.85
53,59.115061356473205,-6.1150613564732055,6.1150613564732055,11.54
55,60.33641344742831,-5.336413447428313,5.336413447428313,9.7
58,58.24777521400367,-0.2477752140036671,0.2477752140036671,0.43
97,60.88796845248725,36.11203154751275,36.11203154751275,37.23
20,55.459827204044934,-35.459827204044934,35.459827204044934,177.3
35,59.371457709927846,-24.371457709927846,24.371457709927846,69.63
30,55.08776801534309,-25.087768015343087,25.087768015343087,83.63
